hispanic,pop,prop
Hispanic,"49,054,614",0.185537492
Non-Hispanic,"215,337,307",0.814462508
